time,market,day,equity,day_pct,total_pct,open_positions
2026-09-21T16:30:14+03:00,US,2026-09-21,10000.0,0.0,0.0,0
2026-09-21T16:30:17+03:00,BIST,2026-09-21,300000.0,0.0,0.0,0
2026-09-21T21:52:44+03:00,US,2026-09-21,10000.0,0.0,0.0,0
2026-09-22T15:14:22+03:00,BIST,2026-09-22,300000.0,0.0,0.0,0
2026-09-22T19:59:32+03:00,US,2026-09-22,10000.0,0.0,0.0,0
2026-09-23T15:27:47+03:00,BIST,2026-09-23,300000.0,0.0,0.0,0
2026-09-23T20:21:51+03:00,US,2026-09-23,10000.0,0.0,0.0,0
2026-09-24T15:26:48+03:00,BIST,2026-09-24,300000.0,0.0,0.0,0
2026-09-24T20:26:02+03:00,US,2026-09-24,10000.0,0.0,0.0,0
2026-09-25T15:27:32+03:00,BIST,2026-09-25,300000.0,0.0,0.0,0
2026-09-25T20:25:21+03:00,US,2026-09-25,10000.0,0.0,0.0,0
2026-09-28T17:45:32+03:00,US,2026-09-28,10000.0,0.0,0.0,0
2026-09-28T17:45:33+03:00,BIST,2026-09-28,299850.61,-0.05,-0.05,1
2026-09-29T16:35:13+03:00,US,2026-09-29,10000.0,0.0,0.0,0
2026-09-29T16:35:14+03:00,BIST,2026-09-29,300316.36,0.0,0.105,1
2026-09-29T21:51:00+03:00,US,2026-09-29,10000.0,0.0,0.0,0
2026-09-30T16:13:04+03:00,BIST,2026-09-30,299030.33,-0.049,-0.323,0
2026-09-30T21:27:43+03:00,US,2026-09-30,10000.0,0.0,0.0,0
2026-10-01T17:02:37+03:00,US,2026-10-01,10000.0,0.0,0.0,0
2026-10-01T17:02:38+03:00,BIST,2026-10-01,299030.33,0.0,-0.323,0
2026-10-01T22:28:35+03:00,US,2026-10-01,9999.23,-0.008,-0.008,1
2026-10-02T16:23:16+03:00,BIST,2026-10-02,299030.33,0.0,-0.323,0
2026-10-02T21:34:34+03:00,US,2026-10-02,9996.91,-0.008,-0.031,0
2026-10-05T18:26:28+03:00,US,2026-10-05,9996.91,0.0,-0.031,0
2026-10-06T16:48:36+03:00,US,2026-10-06,9996.91,0.0,-0.031,0
2026-10-06T16:48:38+03:00,BIST,2026-10-06,298880.86,-0.05,-0.373,1
2026-10-06T22:07:59+03:00,US,2026-10-06,9996.91,0.0,-0.031,0
2026-10-07T17:05:46+03:00,US,2026-10-07,9996.91,0.0,-0.031,0
2026-10-07T17:05:47+03:00,BIST,2026-10-07,298044.48,-0.049,-0.652,0
